pl_name,pl_orbsmax,pl_rade,pl_bmasse,pl_insol,st_teff,st_rad,releasedate,Just_Right
K2-266 c,0.0679,0.705,0.29013,32.4,4285,0.7,10/26/2018,0
TRAPPIST-1 d,0.02144,0.772,0.41,1.14,2559,0.12,2/22/2017,1
KOI-55 b,0.006,0.759,0.44,,27730,0.2,5/14/2014,0
TRAPPIST-1 e,0.02817,0.918,0.62,0.66,2559,0.12,2/22/2017,1
KOI-55 c,0.0076,0.867,0.655,,27730,0.2,5/14/2014,0
TRAPPIST-1 f,0.0371,1.045,0.68,0.38,2559,0.12,2/22/2017,1
YZ Cet b,0.01557,,0.75,,3056,0.17,8/24/2017,0
GJ 9827 c,0.03925,1.241,0.84,,4340,0.6,8/29/2019,0
TRAPPIST-1 b,0.01111,1.086,0.85,4.25,2559,0.12,2/22/2017,0
YZ Cet c,0.0209,,0.98,,3056,0.17,8/24/2017,0
L 98-59 b,0.02282,0.8,1.01,,3412,0.31,4/16/2020,0
Teegarden b,0.0252,,1.05,1.15,2904,0.11,6/27/2019,1
Teegarden c,0.0443,,1.11,0.37,2904,0.11,6/27/2019,1
YZ Cet d,0.02764,,1.14,,3056,0.17,8/24/2017,0
GJ 273 c,0.036467,,1.18,6.66,3382,0.29,3/30/2017,0
Proxima Centauri b,0.0485,,1.27,0.65,3050,0.14,8/25/2016,1
TRAPPIST-1 g,0.0451,1.127,1.34,0.26,2559,0.12,2/22/2017,1
GJ 1061 b,0.021,,1.37,3.8,2953,0.16,2/27/2020,0
TRAPPIST-1 c,0.01521,1.056,1.38,2.27,2559,0.12,2/22/2017,0
Ross 128 b,0.0496,,1.4,1.38,3192,0.2,11/17/2017,1
GJ 1061 d,0.054,,1.64,0.6,2953,0.16,2/27/2020,0
GJ 1132 b,0.0153,1.13,1.66,,3270,0.21,6/4/2020,0
GJ 581 e,0.02815,,1.7,,3396,0.33,7/9/2014,0
HD 215152 c,0.067393,,1.72,,4935,0.73,2/22/2018,0
GJ 1061 c,0.035,,1.74,1.4,2953,0.16,2/27/2020,0
GJ 3138 b,0.0197,,1.78,118.1,3717,0.5,3/30/2017,0
LHS 1140 c,0.02675,1.282,1.81,6.16,3216,0.21,12/6/2018,0
HD 215152 b,0.057638,,1.819,,4935,0.73,2/22/2018,0
GJ 357 b,0.035,1.217,1.84,12.6,3505,0.34,8/15/2019,0
GJ 3473 b,0.01589,1.264,1.86,59.4,3347,0.36,10/22/2020,0
Kepler-11 b,0.091,1.8,1.9,,5663,1.06,5/14/2014,0
Wolf 1061 b,0.0375,,1.91,7.34,3342,0.31,3/30/2017,0
Kepler-11 f,0.25,2.49,2,,5663,1.06,5/14/2014,0
GJ 3323 b,0.03282,,2.02,2.58,3159,0.12,3/30/2017,0
GJ 1252 b,0.00916,1.193,2.09,,3458,0.39,2/13/2020,0
Kepler-51 b,0.2514,7.1,2.1,,6018,0.94,5/14/2014,0
TOI-1266 c,0.1058,1.56,2.2,2.3,3600,0.42,10/8/2020,0
LTT 1445 A b,0.03807,1.38,2.2,,3337,0.28,8/15/2019,0
GJ 3323 c,0.1264,,2.31,0.17,3159,0.12,3/30/2017,0
L 98-59 d,0.0506,1.57,2.31,,3412,0.31,4/16/2020,0
L 98-59 c,0.0317,1.35,2.42,,3412,0.31,4/16/2020,0
GJ 3998 b,0.029,,2.47,,3722,0.49,7/28/2016,0
DMPP-3 A b,0.0662,,2.58,,5138,0.91,1/30/2020,0
LTT 3780 b,0.01211,1.332,2.62,106,3331,0.37,6/4/2020,0
GJ 1132 c,0.0476,,2.64,,3270,0.21,6/21/2018,0
HD 215152 d,0.08799,,2.801,,4935,0.73,2/22/2018,0
Gliese 625 b,0.078361,,2.82,,3499,0.31,9/28/2017,1
HD 215152 e,0.15417,,2.877,,4935,0.73,2/22/2018,0
Luyten b,0.091101,,2.89,1.06,3382,0.29,3/30/2017,1
Kepler-11 c,0.107,2.87,2.9,,5663,1.06,5/14/2014,0
GJ 411 b,0.0785,,2.99,,3563,0.39,3/5/2019,0
GJ 15 A b,0.072,,3.03,,3607,0.38,10/10/2019,0
HD 85512 b,0.26,,3.1783,,4300,0.71,9/6/2018,0
GJ 3293 e,0.08208,,3.28,3.34,3466,0.4,3/30/2017,0
DMPP-1 d,0.0422,,3.35,,6196,1.26,1/30/2020,0
GJ 357 c,0.061,,3.4,4.45,3505,0.34,8/1/2019,0
Wolf 1061 c,0.089,,3.41,1.3,3342,0.31,3/30/2017,1
Kepler-107 b,0.04544,1.536,3.51,,5854,1.45,7/11/2019,0
HD 21749 c,0.0695,0.892,3.7,,4640,0.69,4/25/2019,0
Kepler-101 c,0.0684,1.25,3.78,,5667,1.56,9/25/2014,0
Kepler-107 d,0.08377,0.86,3.8,,5854,1.45,7/11/2019,0
K2-36 b,0.0223,1.43,3.9,529,4916,0.72,8/15/2019,0
Kepler-62 c,0.0929,0.54,4,,4925,0.64,5/14/2014,0
HD 164922 d,0.103,,4,,5390,0.95,5/21/2020,0
Kepler-289 d,0.33,2.68,4,,5990,1,11/19/2014,0
Kepler-51 c,0.384,9,4,,6018,0.94,5/14/2014,0
GJ 9827 d,0.05591,2.022,4.04,,4340,0.6,8/29/2019,0
Kepler-79 e,0.386,3.49,4.1,,6174,1.3,3/10/2016,0
Kepler-80 e,0.0491,1.6,4.13,,4540,0.68,8/4/2016,0
DMPP-1 e,0.0651,,4.13,,6196,1.26,1/30/2020,0
HD 156668 b,0.05,,4.15,,4850,0.72,1/31/2019,0
GJ 3138 c,0.057,,4.18,13.9,3717,0.5,3/30/2017,0
GJ 887 b,0.068,,4.2,7.95,3688,0.47,7/9/2020,0
HD 219134 c,0.0653,1.511,4.36,62.1,4699,0.78,3/16/2017,0
L 168-9 b,0.02091,1.39,4.6,,3800,0.6,2/13/2020,0
Kepler-10 b,0.0172,1.481,4.60853,,5627,1.06,10/15/2015,0
HD 136352 b,0.0969,1.482,4.62,114,5850,1.01,12/17/2020,0
HD 219134 b,0.03876,1.602,4.74,176.2,4699,0.78,3/16/2017,0
pi Men c,0.06839,2.042,4.82,309,6037,1.1,11/15/2018,0
GJ 9827 b,0.0188,1.577,4.91,,4340,0.6,8/29/2019,0
Kepler-1655 b,0.103,2.213,5,155,6148,1.03,4/5/2018,0
Kepler-21 b,0.042717,1.639,5.08,,6305,1.9,10/6/2016,0
61 Vir b,0.050201,,5.1,,5577,0.96,5/14/2014,0
K2-111 b,0.057,1.82,5.29,,5775,1.25,12/17/2020,0
GJ 536 b,0.06661,,5.36,,3685,0.5,11/17/2016,0
GJ 581 c,0.0721,,5.5,,3396,0.33,7/9/2014,0
Gl 49 b,0.0905,,5.63,,3805,0.51,6/13/2019,0
CoRoT-24 b,0.056,3.7,5.7,,4950,0.86,5/31/2018,0
HD 176986 b,0.06296,,5.74,83.5,4931,0.78,12/21/2017,0
Kepler-79 c,0.187,3.72,5.9,,6174,1.3,3/10/2016,0
Kepler-79 d,0.287,7.16,6,,6174,1.3,3/10/2016,0
GJ 357 d,0.204,,6.1,0.38,3505,0.34,8/1/2019,0
GJ 3998 c,0.089,,6.26,,3722,0.49,7/28/2016,0
GJ 1214 b,0.01411,2.847,6.26125,,3026,0.22,12/3/2015,0
HD 215497 b,0.05,,6.3566,,5110,0.85,9/6/2018,0
HD 7924 b,0.06,,6.3566,,5131,0.78,9/6/2018,0
HIP 57274 b,0.07,,6.3566,,4510,0.78,9/6/2018,0
HD 125595 b,0.08,,6.3566,,4691,0.74,9/6/2018,0
HD 181433 b,0.08,,6.3566,,4918,0.79,9/6/2018,0
Kepler-87 c,0.676,6.14,6.4,,5600,1.82,5/14/2014,0
HD 7924 d,0.1551,,6.44,15.17,5075,0.78,5/14/2015,0
K2-291 b,0.03261,1.589,6.49,633,5520,0.9,1/24/2019,0
K2-285 d,0.1178,2.48,6.5,24.61,4975,0.79,12/13/2018,0
K2-265 b,0.03376,1.71,6.54,,5477,0.98,10/4/2018,0
GJ 3341 b,0.089,,6.6,,3526,0.44,12/3/2014,0
Gl 686 b,0.091,,6.624,,3656,0.43,12/17/2020,0
TOI-125 c,0.0814,2.759,6.63,77.59,5320,0.85,2/13/2020,0
Kepler-80 c,0.0792,2.74,6.74,,4540,0.68,8/4/2016,0
Kepler-80 d,0.0372,1.53,6.75,,4540,0.68,8/4/2016,0
Kepler-18 b,0.0447,2,6.9,,5345,1.11,5/14/2014,0
HD 3167 d,0.07757,,6.9,88.9,5261,0.86,1/31/2019,0
TOI-1235 b,0.03845,1.738,6.91,53.6,3872,0.63,6/4/2020,0
Kepler-80 b,0.0648,2.67,6.93,,4540,0.68,8/4/2016,0
LHS 1140 b,0.0936,1.727,6.98,0.5,3216,0.21,12/6/2018,1
Kapteyn c,0.311,,7,,3550,0.29,6/4/2014,0
GJ 3942 b,0.0608,,7.14,,3867,0.61,12/21/2017,0
TOI-421 b,0.056,2.68,7.17,154.57,5325,0.87,10/8/2020,0
HD 86226 c,0.049,2.16,7.25,,5863,1.05,8/13/2020,0
HD 219134 f,0.1463,1.31,7.3,12.38,4699,0.78,3/16/2017,0
Kepler-11 d,0.155,3.12,7.3,,5663,1.06,5/14/2014,0
Kepler-289 b,0.21,2.15,7.3,,5990,1,11/19/2014,0
GJ 1265 b,0.026,,7.4,,3236,0.19,12/6/2018,0
GJ 3473 c,0.0876,,7.41,1.95,3347,0.36,10/22/2020,0
HD 15337 b,0.0522,1.64,7.51,,5125,0.86,5/16/2019,0
K2-18 c,0.06,,7.51,,3457,0.41,12/21/2017,0
GJ 3293 d,0.19394,,7.6,0.59,3466,0.4,3/30/2017,0
GJ 887 c,0.12,,7.6,2.56,3688,0.47,7/9/2020,0
Kepler-51 d,0.509,9.7,7.6,,6018,0.94,5/14/2014,0
Wolf 1061 d,0.47,,7.7,0.06,3342,0.31,3/30/2017,0
K2-36 c,0.054,3.2,7.8,90,4916,0.72,8/15/2019,0
HD 7924 c,0.1134,,7.86,28.35,5075,0.78,5/14/2015,0
GJ 3779 b,0.026,,8,,3324,0.28,12/6/2018,0
K2-216 b,0.028,1.75,8,248,4503,0.72,11/1/2018,0
Kepler-11 e,0.195,4.19,8,,5663,1.06,5/14/2014,0
55 Cnc e,0.01544,1.91,8.08,,5250,0.96,1/31/2019,0
HD 15337 c,0.1268,2.39,8.11,,5125,0.86,5/16/2019,0
CoRoT-7 c,0.046,,8.4,,5256,0.86,9/10/2015,0
LTT 3780 c,0.07673,2.3,8.6,2.63,3331,0.37,6/4/2020,0
Kepler-107 e,0.12639,2.903,8.6,,5854,1.45,7/11/2019,0
LHS 1815 b,0.0404,1.088,8.7,,3643,0.5,3/19/2020,0
EPIC 249893012 b,0.047,1.95,8.75,1037,5430,1.71,2/13/2020,0
HD 213885 b,0.02012,1.745,8.83,,5978,1.1,12/5/2019,0
K2-266 d,0.1035,2.93,8.9,13.95,4285,0.7,7/25/2019,0
K2-18 b,0.1429,2.37,8.92,,3457,0.41,3/21/2019,1
Kepler-62 b,0.0553,1.31,9,,4925,0.64,5/14/2014,0
GJ 685 b,0.1344,,9,,3816,0.54,4/11/2019,0
HD 176986 c,0.11878,,9.18,23.5,4931,0.78,12/21/2017,0
TOI-763 c,0.1011,2.63,9.32,,5450,0.9,9/24/2020,0
Kepler-107 c,0.06064,1.597,9.39,,5854,1.45,7/11/2019,0
HD 216520 c,0.528,,9.44,,5103,0.76,12/17/2020,0
TOI-125 b,0.05186,2.726,9.5,185,5320,0.85,2/13/2020,0
DMPP-1 c,0.0733,,9.6,,6196,1.26,1/30/2020,0
K2-285 b,0.03817,2.59,9.68,234.31,4975,0.79,12/13/2018,0
Kepler-20 b,0.0463,1.868,9.7,,5495,0.96,3/30/2017,0
TOI-763 b,0.06,2.28,9.79,,5450,0.9,9/24/2020,0
K2-38 c,0.0964,2.42,9.9,128.3,5757,1.1,7/7/2016,0
Kepler-20 d,0.3506,2.744,10.07,,5495,0.96,3/30/2017,0
EPIC 249893012 d,0.22,3.94,10.18,53,5430,1.71,2/13/2020,0
HD 216520 b,0.198,,10.26,,5103,0.76,12/17/2020,0
GJ 338 B b,0.141,,10.27,,4005,0.58,7/9/2020,0
GJ 3138 d,0.698,,10.5,0.1,3717,0.5,3/30/2017,0
HD 136352 d,0.4285,,10.5,5.8,5850,1.01,12/17/2020,0
KOI-94 b,0.05119,1.71,10.5,,6182,1.52,5/14/2014,0
Kepler-538 b,0.4669,2.215,10.6,2.99,5547,0.87,9/26/2019,0
K2-285 e,0.18041,1.95,10.7,10.5,4975,0.79,12/13/2018,0
HD 219134 g,0.3753,,10.80622,,4913,0.77,11/19/2015,1
K2-290 b,0.0923,3.06,10.9,,6302,1.51,1/24/2019,0
Kepler-79 b,0.117,3.47,10.9,,6174,1.3,3/10/2016,0
K2-266 b,0.01306,3.3,11.26782,879.5,4285,0.7,10/26/2018,0
HD 136352 c,0.1729,2.608,11.29,36,5850,1.01,12/17/2020,0
K2-111 c,0.1166,,11.3,,5775,1.25,12/17/2020,0
Kepler-30 b,0.18,3.9,11.3,,5498,0.95,5/14/2014,0
HD 10180 d,0.12859,,12.01397,,5911,1.11,6/25/2015,0
CoRoT-22 b,0.092,4.88,12.2,,5939,1.14,8/21/2014,0
HD 180617 b,0.343,,12.214,,3534,0.48,12/17/2020,0
HD 106315 b,0.0907,2.44,12.6,,6327,1.3,7/25/2019,0
BD-08 2823 b,0.06,,12.7132,,4816,0.71,9/6/2018,0
Kepler-20 c,0.0949,3.047,12.75,,5495,0.96,3/30/2017,0
HD 164922 c,0.341,,13,,5390,0.95,5/21/2020,0
Gl 378 b,0.039435,,13.02,,3879,0.56,3/5/2019,0
HD 10180 c,0.06412,,13.22173,,5911,1.11,6/25/2015,0
LSPM J2116+0234 b,0.0876,,13.3,,3475,0.43,6/13/2019,0
TOI-1266 b,0.0736,2.37,13.5,4.9,3600,0.42,10/8/2020,0
TOI-125 d,0.137,2.93,13.6,26.7,5320,0.85,2/13/2020,0
GJ 3470 b,0.0355,4.57,13.9,,3600,0.55,9/29/2016,0
Kepler-62 d,0.12,1.95,14,,4925,0.64,5/14/2014,0
K2-266 e,0.1249,2.73,14.3,9.58,4285,0.7,7/25/2019,0
HD 42618 b,0.554,,14.4,3.16,5727,1,10/27/2016,0
EPIC 249893012 c,0.13,3.67,14.67,160,5430,1.71,2/13/2020,0
K2-263 b,0.2573,2.41,14.8,,5368,0.85,9/27/2018,0
HD 106315 c,0.1536,4.35,15.2,,6327,1.3,7/25/2019,0
BD-11 4672 c,0.3,,15.37,,4550,0.64,7/23/2020,0
KOI-94 c,0.1013,4.32,15.6,,6182,1.52,5/14/2014,0
K2-285 c,0.0824,3.53,15.68,50.35,4975,0.79,12/13/2018,0
GJ 581 b,0.04061,,15.8,,3396,0.33,7/9/2014,0
HD 4308 b,0.12,,15.8915,,5686,1.02,9/6/2018,0
Kepler-453 b,0.7903,6.204,16,,5527,0.83,3/15/2018,0
HD 219134 d,0.237,1.61,16.17,4.72,4699,0.78,3/16/2017,0
Kepler-18 d,0.1172,6.98,16.4,,5345,1.11,5/14/2014,0
TOI-421 c,0.1189,5.09,16.42,34.32,5325,0.87,10/8/2020,0
HD 190007 b,0.092,,16.46,,4610,0.79,12/17/2020,0
GJ 4276 b,0.082,,16.57,,3387,0.41,1/24/2019,0
HD 219666 b,0.06356,4.71,16.6,,5527,1.03,3/5/2019,0
HD 34445 e,0.2687,,16.8,,5836,1.38,10/26/2017,0
Kepler-1661 b,0.633,3.87,17,0.88,5100,0.76,2/27/2020,0
Kepler-18 c,0.0752,5.49,17.3,,5345,1.11,3/5/2019,0
HD 125612 c,0.0524,,17.48065,,5841,1.05,9/27/2018,0
61 Vir c,0.2175,,18.2,,5577,0.96,5/14/2014,0
TOI-824 b,0.02177,2.926,18.467,412,4600,0.69,9/24/2020,0
HD 190360 c,0.1304,,19.069,,5549,1.17,8/21/2014,0
HD 77338 b,0.06,,19.0698,,5341,0.97,9/6/2018,0
HD 213885 c,0.056798,,19.95,,5978,1.1,12/5/2019,0
Kepler-20 g,0.2055,,19.96,,5495,0.96,3/30/2017,0
NGTS-4 b,0.019,3.18,20.6,,5143,0.84,5/16/2019,0
HD 219828 b,0.0507,,20.97678,,5807,1.61,9/27/2018,0
Gliese 3293 c,0.36175,,21.09,0.17,3466,0.4,3/30/2017,1
K2-66 b,0.05983,2.49,21.3,840,5887,1.67,7/25/2019,0
Kepler-56 b,0.1028,6.51,22.1,,4840,4.23,5/14/2014,0
HD 47186 b,0.05,,22.2481,,5657,1.08,9/6/2018,0
HD 99492 b,0.12,,22.2481,,4815,0.83,9/6/2018,0
TOI-132 b,0.026,3.42,22.4,860,5397,0.9,2/27/2020,0
GJ 143 b,0.1915,2.61,22.7,,4640,0.69,4/25/2019,0
61 Vir d,0.476,,22.9,,5577,0.96,5/14/2014,0
HD 10180 f,0.4929,,22.94733,,5911,1.11,6/25/2015,0
Kepler-30 d,0.5,8.8,23.1,,5498,0.95,5/14/2014,0
HD 10180 g,1.427,,23.26516,,5911,1.11,6/25/2015,0
HAT-P-11 b,0.05254,4.36,23.4,,4780,0.68,1/31/2019,0
HATS-38 b,0.05036,6.882,23.51942,464.7,5732,1.1,8/13/2020,0
GJ 3293 b,0.14339,,23.54,1.07,3466,0.4,3/30/2017,0
DMPP-1 b,0.1462,,24.27,,6196,1.26,1/30/2020,0
Kepler-4 b,0.0456,4.002,24.472,,5857,1.49,5/14/2014,0
K2-292 b,0.13,2.63,24.5,67,5725,1.09,2/7/2019,0
rho CrB c,0.4123,,25,9.85,5627,1.36,10/27/2016,0
HD 11964 c,0.229,,25,,5303,2.01,1/31/2019,0
Kepler-11 g,0.466,3.33,25,,5663,1.06,5/14/2014,0
HD 10180 e,0.2699,,25.58532,,5911,1.11,6/25/2015,0
HD 179079 b,0.1214,,25.74423,,5646,1.63,9/27/2018,0
TOI-1728 b,0.0391,5.05,26.78,57.78,3980,0.62,7/9/2020,0
CoRoT-24 c,0.098,5,28,,4950,0.86,6/11/2014,0
HD 103197 b,0.25,,28.6047,,5250,0.88,9/6/2018,0
LTT 9779 b,0.01679,4.72,29.32,,5443,0.95,9/24/2020,0
Kepler-117 b,0.1445,8.059,29.875,,6150,1.61,11/19/2014,0
Kepler-9 c,0.227,8.08,29.9,,5774,0.96,7/11/2019,0
TOI-216.02,0.1293,7.69,30,25.9,5026,0.84,5/9/2019,0
HD 34445 d,0.4817,,30.7,,5836,1.38,10/26/2017,0
LP 714-47 b,0.0417,4.7,30.8,,3950,0.58,12/17/2020,0
K2-27 b,0.06702,4.48,30.9,116,5248,0.89,2/9/2017,0
HATS-37 A b,0.04913,6.793,31.46517,229.7,5326,0.88,8/13/2020,0
HD 49674 b,0.06,,31.783,,5602,1.02,9/6/2018,0
WASP-166 b,0.0641,7.062,32.10083,440,6050,1.22,7/25/2019,0
TOI-1338 b,0.4607,6.85,33,,6050,1.33,6/4/2020,0
HD 89345 b,0.1066,7.398,34.9613,,5576,1.75,8/23/2018,0
KOI-94 e,0.3046,6.56,35,,6182,1.52,5/14/2014,0
Kepler-62 f,0.718,1.41,35,,4925,0.64,5/14/2014,1
Kepler-62 e,0.427,1.61,36,,4925,0.64,5/14/2014,1
Kepler-22 b,0.849,2.38,36,,5518,0.98,5/14/2014,1
GJ 15 A c,5.4,,36,,3607,0.38,10/10/2019,0
WASP-139 b,0.062,8.967,37.18611,,5310,0.8,12/1/2016,0
HD 34445 f,1.543,,37.9,,5836,1.38,10/26/2017,0
HATS-7 b,0.04012,6.311,38.1396,,4985,0.81,5/24/2018,0
TOI-849 b,0.01598,3.444,39.09,,5373.8,0.92,7/9/2020,0
HATS-72 b,0.066517,8.097,39.85588,49.58,4656.1,0.72,2/27/2020,0
Kepler-35 b,0.60347,8.16,40.363,,5606,1.03,5/14/2014,0
WASP-156 b,0.0453,5.717,40.68224,150,4910,0.76,10/26/2017,0
HD 95338 b,0.262,3.89,42.44,7.42,5212,0.87,7/23/2020,0
Kepler-9 b,0.143,8.29,43.4,,5774,0.96,7/11/2019,0
HATS-8 b,0.04667,9.785,43.86054,,5679,1.09,6/17/2015,0
WASP-182 b,0.0451,9.528,47.03884,,5638,1.34,9/12/2019,0
HD 177830 c,0.5137,,47.6725,,4949,2.62,1/31/2019,0
CoRoTID 223977153 b,0.071,6.389,47.6745,132.26,5970,0.79,9/15/2017,0
Kepler-1656 b,0.197,5.02,48.6,,5731,1.1,10/4/2018,0
HD 104067 b,0.26,,50.8528,,4937,0.74,9/6/2018,0
Kepler-101 b,0.0474,5.77,51.1,,5667,1.56,9/25/2014,0
HD 34445 c,0.7181,,53.5,,5836,1.38,10/26/2017,0
HD 102117 b,0.15,,54.0311,,5655,1.23,9/6/2018,0
HATS-46 b,0.05367,10.122,54.98459,,5495,0.85,5/24/2018,0
WASP-18 c,0.035,,55.2,,6400,1.23,12/5/2019,0
TOI-954 b,0.04963,9.55,55.30242,1393,5710,1.89,11/19/2020,0
HATS-62 b,0.04163,11.825,56.89157,387.4,5416,0.93,1/17/2019,0
AU Mic b,0.066,4.203,57.2094,,3700,0.75,6/24/2020,0
HD 221416 b,0.1228,9.17,60.5,,5080,2.94,4/18/2019,0
HAT-P-18 b,0.0559,11.153,62.61,,4803,0.75,5/14/2014,0
HD 218566 b,0.69,,63.566,,4730,0.85,9/6/2018,0
HD 137388 b,0.89,,63.566,,5181,0.88,9/6/2018,0
HD 220197 b,2.729,,63.566,,5683,0.98,11/21/2019,0
HD 10180 h,3.381,,65.66368,,5911,1.11,6/25/2015,0
NGTS-12 b,0.0757,11.747,66.10864,416,5690,1.59,10/22/2020,0
HD 76700 b,0.05,,66.7443,,5644,1.37,9/6/2018,0
Kepler-413 b,0.3553,4.347,67,,4700,0.78,5/14/2014,0
HAT-P-12 b,0.0384,10.749,67.059,,4650,0.7,5/14/2014,0
GJ 1148 c,0.912,,68.06,,3287,0.36,10/19/2017,0
CoRoT-8 b,0.063,6.39,69.92,,5080,0.77,5/14/2014,0
Kepler-34 b,1.0896,8.564,69.92,,5913,1.16,5/14/2014,0
K2-261 b,0.102,9.528,70.87609,,5537,1.65,8/16/2018,0
NGTS-5 b,0.0382,12.733,72.78307,,4987,0.74,5/16/2019,0
HD 204941 b,2.55,,73.1009,,5026,0.78,9/6/2018,0
HATS-5 b,0.0542,10.223,75.323,,5304,0.87,5/14/2014,0
HD 126525 b,1.837,,75.32571,,5638,0.98,6/27/2019,0
HATS-48 A b,0.03769,8.967,77.23269,137.6,4546,0.72,2/27/2020,0
HD 332231 b,0.1436,9.718,77.55052,98.09,6089,1.28,5/21/2020,0
Kepler-425 b,0.0464,10.962,79.45,,5170,0.86,10/3/2014,0
HD 63454 b,0.04,,79.4575,,4812,0.77,9/6/2018,0
HD 101930 b,0.3,,79.4575,,5108,0.86,9/6/2018,0
EPIC 246193072 b,0.1016,8.676,82.6358,45.7,5282,0.82,11/19/2020,0
XO-2 S b,0.13,,82.6358,,5399,1,9/6/2018,0
HD 16141 b,0.36,,82.6358,,5757,1.48,9/6/2018,0
HD 108147 b,0.102,,82.95,,6255.73,1.21,5/14/2014,0
HATS-43 b,0.04944,13.227,82.95363,,5099,0.81,5/24/2018,0
HAT-P-38 b,0.0523,9.247,84.857,,5330,0.92,5/14/2014,0
CoRoT-25 b,0.0578,12.11,85.81,,6040,1.19,5/14/2014,0
WASP-131 b,0.0607,13.675,85.8141,,6030,1.53,12/1/2016,0
HD 109749 b,0.0615,,85.8141,,5824,1.22,9/27/2018,0
HD 168746 b,0.07,,85.8141,,5570,1.09,9/6/2018,0
HD 7199 b,1.36,,85.8141,,5371,0.97,9/6/2018,0
WASP-147 b,0.0549,12.498,87.40325,,5702,1.43,11/1/2018,0
WASP-160 B b,0.0452,12.218,88.35674,,5298,0.87,11/1/2018,0
WASP-39 b,0.0486,14.235,88.989,,5400,0.9,5/14/2014,0
HD 88133 b,0.0479,,90.42263,,5392,2.2,12/6/2018,0
Kepler-427 b,0.091,13.79,92.17,,5800,1.35,10/3/2014,0
WASP-148 b,0.0845,8.093,92.48853,,5460,1.03,7/9/2020,0
HAT-P-19 b,0.0466,12.689,92.802,,4990,0.82,5/14/2014,0
WASP-181 b,0.05427,13.271,95.03117,,5839,0.96,4/18/2019,0
WASP-83 b,0.059,11.657,95.349,,5510,1.05,7/9/2015,0
GJ 1148 b,0.166,,96.7,,3287,0.36,10/19/2017,0
HAT-P-51 b,0.05069,14.493,98.20947,,5449,1.04,11/19/2015,0
WASP-151 b,0.055,12.666,98.5273,460,5871,1.14,10/26/2017,0
WASP-20 b,0.06,16.388,98.841,,5940,1.39,3/5/2015,0
Kepler-160 d,0.17,,100,,5471,1.12,7/9/2020,0
K2-287 b,0.1206,9.494,100.11645,,5695,1.07,1/10/2019,0
HATS-6 b,0.03623,11.187,101.38777,,3724,0.57,5/14/2015,0
HD 33283 b,0.1508,,104.56607,,5935,1.97,9/27/2018,0
HD 564 b,1.2,,104.88,,5902,1.01,1/8/2015,0
Kepler-16 b,0.7048,8.449,105.833,,4450,0.65,5/14/2014,0
KOI-94 d,0.1684,11.27,106,,6182,1.52,5/14/2014,0
K2-295 b,0.0451,10.054,106.47305,,4444,0.7,5/23/2019,0
Kepler-426 b,0.0414,12.22,108.06,,5725,0.92,10/3/2014,0
HD 83443 b,0.04,,108.0622,,5442,0.94,9/6/2018,0
HAT-P-67 b,0.06505,23.371,108.0622,,6406,2.55,4/13/2017,0
HD 219134 h,3.11,,108.0622,,4913,0.77,11/19/2015,0
NGTS-11 b,0.201,9.158,109.33352,,5050,0.83,7/9/2020,0
HAT-P-44 b,0.0507,13.922,111.871,,5295,0.95,5/14/2014,0
HATS-49 b,0.04515,8.575,112.19399,80.45,4405,0.7,2/27/2020,0
HD 114613 b,5.34,,113.46531,,5641,2.14,12/6/2018,0
HD 113538 b,1.24,,114.41,,4462,0.53,1/8/2015,0
HIP 12961 b,0.25,,114.4188,,3901,0.65,9/6/2018,0
HD 164922 b,2.16,,116,,5390,0.95,5/21/2020,0
HATS-47 b,0.04269,12.52,117.27927,87.73,4512,0.66,2/27/2020,0
HATS-71 b,0.03745,11.478,117.5971,,3405,0.48,9/24/2020,0
Qatar-8 b,0.0474,14.404,117.91493,,5738,1.31,5/2/2019,0
Kepler-46 c,0.2799,,119.499,,5155,0.94,5/14/2014,0
Kepler-63 b,0.08,6.11,120,,5576,0.9,5/14/2014,0
HD 34445 g,6.36,,120.6,,5836,1.38,10/26/2017,0
Kepler-38 b,0.4632,4.3,122,,5623,1.75,5/14/2014,0
HATS-50 b,0.05046,12.666,123.9537,,5990,1.12,1/5/2018,0
WASP-153 b,0.048,17.374,123.9537,1400,5914,1.73,10/26/2017,0
K2-232 b,0.10356,11.209,126.49634,,6154,1.16,4/5/2018,0
WASP-148 c,0.2101,,127.132,,5460,1.03,7/9/2020,0
HD 38283 b,1.02,,127.132,,5981,1.49,9/6/2018,0
HD 181720 b,1.85,,127.132,,5736,1.5,9/6/2018,0
HD 11506 c,0.774,,129.67464,,6030,1.34,9/27/2018,0
HIP 57274 c,0.178,,130,,4640,0.68,4/24/2015,0
HD 102195 b,0.05,,130.3103,,5301,0.82,9/6/2018,0
WASP-132 b,0.067,9.752,130.3103,,4775,0.74,12/1/2016,0
HD 126614 b,2.37,,130.3103,,5568,1.32,9/6/2018,0
HD 1397 b,0.1097,11.5,131.89945,356,5521,2.34,7/25/2019,0
Kepler-289 c,0.51,11.59,132,,5990,1,11/19/2014,0
HD 2638 b,0.04,,133.4886,,5186,0.94,9/6/2018,0
WASP-168 b,0.0519,16.814,133.4886,,6000,1.12,10/26/2018,0
K2-60 b,0.045,7.656,135.39558,,5500,1.12,2/2/2017,0
Kepler-422 b,0.082,12.89,136.66,,5972,1.24,10/3/2014,0
Kepler-77 b,0.04501,10.761,136.661,,5520,0.99,5/14/2014,0
Kepler-12 b,0.0553,19.661,137.30256,,5947,1.48,10/15/2015,0
HD 45652 b,0.237,,137.62039,,5294,0.94,9/27/2018,0
DMPP-2 b,0.0664,,138.89171,,6500,1.78,1/30/2020,0
WASP-144 b,0.0316,9.528,139.8452,,5200,0.81,10/26/2018,0
HD 99109 b,1.11,,139.8452,,5282,0.98,9/6/2018,0
Kepler-7 b,0.06067,18.181,140.16303,,5933,1.97,10/15/2015,0
HD 164509 b,0.87,,140.79869,,5859,1.11,9/27/2018,0
HD 86226 b,2.73,,143.0235,,5863,1.05,8/13/2020,0
WASP-52 b,0.0272,14.24,146.2,,5000,0.79,5/14/2014,0
GJ 3512 b,0.338,,147.15529,,3081,0.14,10/10/2019,0
CoRoT-5 b,0.04947,15.558,148.42,,6100,1.19,5/14/2014,0
HD 30669 b,2.69,,149.37,,5400,0.91,1/8/2015,0
WASP-172 b,0.0694,17.598,149.3801,,6900,1.91,10/26/2018,0
51 Peg b,0.0527,,150.009,,5758,1.18,5/14/2014,0
WASP-113 b,0.05885,15.793,150.96925,,5890,1.61,7/18/2016,0
WASP-31 b,0.04659,17.363,151.916,,6302,1.25,5/14/2014,0
WASP-96 b,0.0453,13.45,152.55,,5540,1.05,5/14/2014,0
HD 330075 b,0.04,,152.5584,,5000,0.84,9/6/2018,0
CoRoT-28 b,0.0603,10.705,153.82972,,5150,1.78,4/16/2015,0
HD 75289 b,0.05,,155.7367,,6117,1.23,9/6/2018,0
HD 6434 b,0.14,,155.7367,,5769,1.12,9/6/2018,0
HAT-P-46 b,0.0577,14.392,156.684,,6120,1.4,5/14/2014,0
Kepler-32 c,0.09,2,158.9,,3900,0.53,3/24/2016,0
K2-137 b,0.0058,0.89,158.915,,3492,0.44,11/16/2017,0
Kepler-1654 b,2.026,9.18,158.915,0.3,5597,1.18,3/8/2018,0
WASP-183 b,0.04632,16.477,159.55066,,5313,0.87,4/18/2019,0
Kepler-45 b,0.03,10.76,160.497,,3820,0.55,5/14/2014,0
WASP-177 b,0.03957,17.71,161.45764,,5017,0.89,4/18/2019,0
HD 212301 b,0.03,,162.0933,,6239,1.16,9/6/2018,0
WASP-118 b,0.05453,16.141,163.36462,,6410,1.7,9/8/2016,0
CoRoT-26 b,0.0526,14.12,165.26,,5590,1.79,5/14/2014,0
HD 187123 b,0.0426,,166.218,,5790,1.15,7/23/2014,0
HAT-P-1 b,0.05561,14.785,166.86075,,5980,1.17,9/10/2015,0
HATS-10 b,0.04491,10.862,167.17858,,5880,1.1,5/21/2015,0
HIP 57274 d,1.01,,167.4,,4640,0.68,3/26/2015,0
HAT-P-65 b,0.03951,21.185,167.49641,,5835,1.86,9/15/2016,0
WASP-42 b,0.0561,12.576,167.49641,,5315,0.89,2/25/2016,0
HATS-27 b,0.0611,16.814,168.4499,,6438,1.74,6/9/2016,0
HD 63765 b,0.94,,168.4499,,5449,0.83,9/6/2018,0
PH1 b,0.652,6.18,169,,6407,1.73,5/14/2014,0
CoRoT-16 b,0.0618,13.11,170.032,,5650,1.19,5/14/2014,0
WASP-80 b,0.0344,11.198,170.99254,,4143,0.59,4/16/2015,0
47 UMa c,3.6,,171.621,,5872,1.21,5/14/2014,0
Pr0201 b,0.06,,171.6282,,6174,1.15,9/6/2018,0
HATS-13 b,0.04057,13.585,172.58169,,5523,0.89,8/13/2015,0
WASP-159 b,0.0538,15.468,174.8065,,6120,2.11,10/26/2018,0
Kepler-41 b,0.03101,14.46,177.98,,5750,1.29,1/29/2015,0
HATS-44 b,0.03649,11.96,177.9848,,5080,0.85,5/24/2018,0
HD 192263 b,0.15,,177.9848,,4976,0.74,9/6/2018,0
HD 207832 b,0.586,,177.9848,,5726,0.89,9/27/2018,0
WASP-169 b,0.0681,14.617,178.30263,,6110,2.01,9/12/2019,0
HAT-P-25 b,0.0466,12.722,180.84527,325,5519,0.92,1/17/2019,0
Kepler-56 c,0.1652,9.8,181,,4840,4.23,5/14/2014,0
WASP-184 b,0.0627,14.908,181.1631,,6000,1.65,10/10/2019,0
HD 216770 b,0.46,,181.1631,,5399,0.93,9/6/2018,0
HATS-69 b,0.03211,10.593,183.38791,466.6,5137,0.88,1/17/2019,0
K2-30 b,0.04839,11.646,184.02357,,5425,0.84,4/14/2016,0
HD 44219 b,1.19,,184.33,,5752,1.32,1/22/2015,0
HAT-P-55 b,0.04604,13.249,184.97706,,5808,1.01,6/17/2015,0
WASP-70 A b,0.04853,13.047,187.512,,5763,1.22,10/15/2014,0
BD-10 3166 b,0.04,,187.5197,,5393,0.91,9/6/2018,0
Kepler-8 b,0.0474,15.872,187.5197,,6213,1.49,10/15/2015,0
HIP 14810 d,1.94,,187.5197,,5544,1.07,9/27/2018,0
Wendelstein-1 b,0.0282,11.561,188.15536,,4251,0.61,7/9/2020,0
Kepler-423 b,0.03585,13.361,189.101,,5560,0.95,1/22/2015,0
HATS-53 b,0.04753,15.02,189.10885,,5644,1.1,1/5/2018,0
HD 175541 b,0.975,,190.06234,,5013,4.19,12/6/2018,0
HAT-P-39 b,0.0509,17.609,190.372,,6430,1.62,5/14/2014,0
HD 43197 b,0.92,,190.69,,5508,1,12/3/2014,0
WASP-124 b,0.0449,13.899,190.698,,6050,1.02,5/5/2016,0
HATS-56 b,0.06043,18.921,191.33366,,6536,2.2,8/15/2019,0
HATS-25 b,0.05163,14.123,194.82979,,5715,1.11,6/9/2016,0
WASP-94 B b,0.0335,,196.411,,6040,1.35,10/3/2014,0
OGLE-TR-10 b,0.0434,14.011,197.046,,5950,1.17,5/14/2014,0
HD 103720 b,0.0498,,197.046,,5017,0.73,1/8/2015,0
HAT-P-27 b,0.04,11.43,197.05,,5316,0.86,2/1/2018,0
HD 31253 b,1.26,,197.0546,,6130,1.75,9/6/2018,0
HD 11964 b,3.16,,198,,5303,2.01,1/31/2019,0
HAT-P-28 b,0.0434,13.585,198.953,,5680,1.1,5/14/2014,0
TOI-216.01,0.2069,11.29,200,10.1,5026,0.84,5/9/2019,0
Kepler-74 b,0.0781,10.76,200.22,,6000,1.12,1/29/2015,0
WASP-90 b,0.0562,18.271,200.2329,,6430,1.98,1/21/2016,0
HATS-39 b,0.06007,17.598,200.2329,,6572,1.62,4/12/2018,0
WASP-57 b,0.03769,11.769,204.68252,,5600,0.93,10/15/2015,0
HATS-26 b,0.04735,19.616,206.5895,,6071,2.04,6/9/2016,0
BD-11 4672 b,2.36,,206.5895,,4550,0.64,7/23/2020,0
HATS-29 b,0.05475,14.022,207.54299,,5670,1.07,6/9/2016,0
WASP-165 b,0.04823,14.123,209.13214,,5599,1.75,11/1/2018,0
Kepler-15 b,0.05714,10.76,209.76,,5515,0.99,5/14/2014,0
TOI-1899 b,0.1587,15.356,209.7678,2.9,3841,0.61,7/23/2020,0
HD 170469 b,2.24,,209.7678,,5842,1.24,9/6/2018,0
HAT-P-43 b,0.0443,14.359,210.395,,5645,1.1,5/14/2014,0
HATS-60 b,0.04708,12.924,210.40346,903.9,5688,1.46,1/17/2019,0
Qatar-6 b,0.0423,11.904,212.31044,,5052,0.72,11/21/2019,0
Kepler-6 b,0.04852,14.617,212.31044,,5647,1.39,10/15/2015,0
HD 211810 b,2.656,,212.9461,,5652,1.13,9/27/2018,0
HATS-28 b,0.04131,13.384,213.58176,,5498,0.92,6/9/2016,0
KELT-10 b,0.0525,15.681,215.80657,600,5948,1.21,4/28/2016,0
HD 8535 b,2.45,,216.1244,,6136,1.19,4/16/2015,0
HAT-P-32 b,0.03397,22.194,216.1244,1841,6001,1.37,7/11/2019,0
WASP-84 b,0.0771,10.559,220.565,,5314,0.75,10/15/2014,0
HD 9446 b,0.189,,222.472,,5793,1,1/31/2019,0
HATS-45 b,0.05511,14.415,222.481,,6450,1.31,5/24/2018,0
V830 Tau b,0.057,,222.481,,4250,2,12/1/2016,0
HD 224693 b,0.191,,222.481,,5894,1.93,9/27/2018,0
HATS-30 b,0.04354,13.171,224.38798,,5943,1.06,6/9/2016,0
XO-7 b,0.04421,15.39,225.34147,1540,6250,1.48,1/16/2020,0
HD 96167 b,1.332,,227.88411,,5733,1.94,12/6/2018,0
CoRoT-4 b,0.09,13.34,228.83,,6190,1.17,5/14/2014,0
HAT-P-68 b,0.02996,12.016,230.10892,184.8,4508,0.67,12/17/2020,0
WASP-81 b,0.03908,16.018,231.69807,,5870,1.28,2/2/2017,0
K2-29 b,0.04217,13.339,232.0159,,5358,0.86,3/24/2016,0
HD 207832 c,2.112,,232.0159,,5710,0.9,9/10/2015,0
Wendelstein-2 b,0.0234,12.993,232.33373,,4591,0.66,7/9/2020,0
Qatar-10 b,0.0286,17.295,233.92288,,6124,1.25,5/2/2019,0
HD 156411 b,1.88,,235.18,,5900,2.16,6/25/2014,0
NGTS-2 b,0.063,17.878,235.1942,,6478,1.7,10/4/2018,0
HAT-P-9 b,0.05287,15.614,238.05467,931,6350,1.34,7/11/2019,0
HATS-54 b,0.03763,11.96,241.5508,,5702,1.32,8/15/2019,0
HAT-P-54 b,0.04117,10.581,241.5508,,4390,0.62,4/24/2015,0
HATS-51 b,0.04639,15.805,244.09344,,5758,1.44,1/5/2018,0
HD 159868 c,1.032,,244.09344,,5534,2.13,12/6/2018,0
K2-290 c,0.305,11.276,246.00042,,6302,1.51,1/24/2019,0
HAT-P-66 b,0.04363,17.822,248.86089,,6002,1.88,9/15/2016,0
HD 163607 b,0.362,,249.05159,,5522,1.76,12/6/2018,0
TOI-169 b,0.03524,12.173,251.40353,1443,5880,1.29,7/23/2020,0
HD 38529 b,0.1294,,253.31051,,5541,2.56,12/6/2018,0
WASP-187 b,0.0653,18.383,254.264,,6150,2.83,12/17/2020,0
Kepler-23 b,0.075,1.9,254.3,,5760,1.52,5/14/2014,0
WASP-92 b,0.0348,16.376,255.85315,,6280,1.34,9/8/2016,0
HATS-59 b,0.06112,12.621,256.17098,269,5670,1.04,12/6/2018,0
Lupus-TR-3 b,0.0464,9.976,257.431,,5000,0.82,5/14/2014,0
Kepler-91 b,0.0731,15.323,257.4423,,4550,6.3,10/15/2015,0
HD 4208 b,1.662,,257.4423,,5717,0.85,6/27/2019,0
NGTS-1 b,0.0326,14.908,258.07796,65.3,3916,0.57,11/9/2017,0
HAT-P-52 b,0.03694,11.31,259.98494,,5131,0.89,11/19/2015,0
HD 134987 c,5.8,,260,,5585,1.25,1/31/2019,0
GJ 179 b,2.41,,260.61,,3370,0.38,5/14/2014,0
HD 34445 b,2.07,,260.6206,,5879,1.38,9/6/2018,0
HD 154345 b,4.21,,260.6206,,5468,0.85,9/6/2018,0
HATS-65 b,0.04497,16.825,260.93843,1178,6277,1.31,1/17/2019,0
HD 114729 b,2.067,,262.20975,,5844,1.47,6/27/2019,0
HD 187085 b,2.1,,265.70588,,6117,1.27,6/27/2019,0
Kepler-435 b,0.0948,22.31,266.97,,6161,3.21,1/14/2015,0
WASP-142 b,0.0347,17.15,266.9772,,6010,1.64,12/1/2016,0
CoRoT-31 b,0.0586,16.365,266.9772,,5700,2.15,4/16/2020,0
CoRoT-9 b,0.4021,11.949,266.9772,,5625,0.96,12/14/2017,0
HD 148156 b,2.45,,270.144,,6308,1.21,1/31/2019,0
CoRoT-29 b,0.0386,10.088,270.1555,,5260,0.9,4/16/2015,0
WASP-176 b,0.0535,16.87,271.74465,,5941,1.93,5/21/2020,0
24 Sex c,2.08,,273.32,,5098,4.9,5/14/2014,0
K2-238 b,0.046,14.572,273.3338,,5630,1.59,6/21/2018,0
HD 109246 b,0.33,,273.3338,,5844,1.07,9/6/2018,0
WASP-59 b,0.0697,8.687,274.276,,4650,0.61,5/14/2014,0
HD 13908 b,0.154,,274.91,,6255,1.67,5/14/2014,0
WASP-44 b,0.03453,12.33,276.5121,533,5420,0.91,9/26/2019,0
HD 17674 b,1.42,,276.5121,,5904,1.18,3/2/2017,0
7 CMa c,2.153,,276.5121,,4826,4.87,10/24/2019,0
HATS-31 b,0.0478,18.383,279.6904,,6050,1.87,12/1/2016,0
WASP-23 b,0.0376,10.783,280.95,,5150,0.77,5/14/2014,0
WASP-145 A b,0.0261,10.088,282.8687,,4900,0.68,10/26/2018,0
HD 128356 b,0.87,,282.8687,,4875,0.85,11/10/2016,0
HAT-P-45 b,0.0452,15.984,283.492,,6330,1.32,5/14/2014,0
WASP-123 b,0.04263,14.773,285.72917,,5740,1.28,6/3/2016,0
WASP-180 A b,0.048,13.899,286.047,,6600,1.19,9/26/2019,0
KELT-4 A b,0.04317,19.044,286.68266,,6206,1.6,2/25/2016,0
WASP-28 b,0.04469,13.597,288.26,,6150,1.09,3/5/2015,0
24 Boo b,0.19,,289.2253,,4893,10.64,4/26/2018,0
BD+48 738 b,1,,289.2253,,4414,11,8/13/2015,0
HD 25171 b,2.971,,290.81445,,6125,1.23,6/27/2019,0
CoRoT-12 b,0.04016,16.14,291.438,,5675,1.12,5/14/2014,0
WASP-76 b,0.033,20.512,292.4036,,6250,1.73,1/21/2016,0
HATS-32 b,0.04024,14,292.4036,,5700,1.1,12/1/2016,0
HATS-55 b,0.05412,14.022,292.72143,,6214,1.13,8/15/2019,0
WASP-98 b,0.03762,12.823,293.03926,,5473,0.74,8/4/2016,0
HD 113538 c,2.44,,295.57,,4462,0.53,1/8/2015,0
NGTS-8 b,0.035,12.218,295.5819,503,5241,0.98,11/21/2019,0
WASP-2 b,0.03144,12.117,295.89973,492,5180,0.87,9/26/2019,0
HD 1605 b,1.492,,296.85322,,4915,3.49,9/27/2018,0
KELT-23 A b,0.03302,14.83,298.12454,991.18,5899,1,6/13/2019,0
HD 10647 b,2.015,,298.75,,6218,1.1,5/14/2014,0
Kepler-412 b,0.02897,15.031,299.07803,,5750,1.29,10/15/2015,0
HATS-34 b,0.03166,16.029,299.07803,,5380,0.98,12/1/2016,0
TOI-892 b,0.092,11.994,301.9385,,6261,1.39,12/17/2020,0
KELT-12 b,0.06708,19.952,301.9385,1749,6279,2.37,4/27/2017,0
WASP-7 b,0.0617,14.908,305.1168,,6400,1.43,1/14/2016,0
HD 102956 b,0.0807,,305.1168,,4985,4.55,12/6/2018,0
HATS-63 b,0.04026,13.529,305.1168,634.1,5627,1.07,1/17/2019,0
HATS-64 b,0.06562,18.82,305.1168,1711,6554,2.11,1/17/2019,0
WASP-45 b,0.03963,10.604,306.38812,294,5150,0.85,9/26/2019,0
Kepler-539 b,0.4988,8.373,308.2951,,5820,0.95,5/10/2016,0
TOI-1130 c,0.07098,16.814,309.56642,,4250,0.69,4/2/2020,0
HD 285507 b,0.06,,311.4734,,4503,0.69,9/6/2018,0
WASP-185 b,0.0904,14.011,311.4734,,5900,1.5,10/10/2019,0
WASP-175 b,0.04403,13.54,314.6517,,6229,1.2,9/12/2019,0
HD 155358 b,0.63,,314.6517,,5905,1.38,9/6/2018,0
Kepler-44 b,0.0446,12.22,317.82,,5800,1.35,1/29/2015,0
TOI-251 b,0.05741,2.74,317.83,,5875,0.88,12/17/2020,0
WASP-129 b,0.0628,10.424,317.83,,5900,0.9,5/5/2016,0
WASP-190 b,0.0663,12.89,317.83,,6400,1.6,3/5/2019,0
HD 75784 b,1.032,,317.83,,4867,3.4,12/6/2018,0
GJ 849 b,2.35,,317.83,,3241,0.53,9/6/2018,0
HD 219415 b,3.2,,317.83,,4820,2.9,9/18/2015,0
OGLE-TR-182 b,0.051,12.666,320.995,,5924,1.14,5/14/2014,0
HD 185269 b,0.077,,321.0083,,5923,2,12/6/2018,0
HD 202772 A b,0.05208,17.318,323.23311,3440,6272,2.59,1/31/2019,0
gam Lib b,1.24,,324.1866,,4822,11.1,4/26/2018,0
Kepler-87 b,0.481,13.49,324.2,,5600,1.82,5/14/2014,0
Kepler-424 b,0.044,9.98,327.35,,5460,0.94,10/3/2014,0
OGLE-TR-211 b,0.051,15.244,327.351,,6325,1.64,5/14/2014,0
HATS-58 A b,0.05798,12.274,327.3649,,7175,1.43,8/15/2019,0
HD 100777 b,1.03,,327.3649,,5533,1.04,9/6/2018,0
BD+14 4559 b,0.78,,330.5432,,4864,0.86,9/6/2018,0
HAT-P-42 b,0.0575,14.348,331.801,,5743,1.53,5/14/2014,0
rho CrB b,0.2196,,332.1,34.7,5627,1.36,10/27/2016,0
HD 216536 b,0.61,,333.7215,,4639,9.83,9/6/2018,0
HD 5319 c,1.93,,334.67499,,4871,4.06,12/6/2018,0
HAT-P-35 b,0.04978,14.93,335.62848,,6096,1.44,3/21/2019,0
HD 60532 b,0.77,,336.8998,,6245,2.57,9/8/2016,0
BD+15 2375 b,0.576,,337.21763,,4649,8.95,2/4/2016,0
WASP-19 b,0.01634,15.603,339.76027,,5568,1,8/18/2016,0
WASP-75 b,0.0375,14.235,340.06,,6100,1.26,5/14/2014,0
HATS-3 b,0.0485,15.48,340.382,,6351,1.4,5/14/2014,0
HATS-14 b,0.03815,11.646,340.39593,,5346,0.93,8/13/2015,0
WASP-171 b,0.0504,10.985,344.52772,,5965,1.64,9/12/2019,0
HIP 91258 b,0.06,,346.4347,,5519,0.89,9/6/2018,0
KPS-1 b,0.0269,11.545,346.4347,729,5165,0.91,4/26/2018,0
CoRoT-19 b,0.0518,14.46,352.78,,6090,1.65,5/14/2014,0
BD+15 2940 b,0.539,,352.78,,4796,14.7,5/14/2014,0
HD 9174 b,2.2,,352.7913,,5577,1.67,11/10/2016,0
HD 73534 b,2.99,,353.42696,,4917,2.58,12/6/2018,0
HD 220689 b,3.396,,355.33394,,5921,1.07,6/27/2019,0
WTS-2 b,0.01855,15.278,355.9696,,5000,0.75,4/24/2015,0
HD 14787 b,1.7,,356.28743,,4946,5.01,12/6/2018,0
HD 159243 b,0.11,,359.13,,6123,1.12,5/14/2014,0
HD 231701 b,0.567,,359.1479,,6101,1.53,9/27/2018,0
HD 114386 b,1.73,,362.3262,,4836,0.76,9/6/2018,0
HD 130322 b,0.0925,,365.49,,5387,0.85,2/19/2015,0
HD 28254 b,2.15,,368.67,,5664,1.48,11/19/2014,0
WASP-133 b,0.0345,13.563,368.6828,,5700,1.44,5/5/2016,0
HAT-P-37 b,0.0379,13.204,371.528,,5500,0.88,5/14/2014,0
HD 2685 b,0.0568,16.141,371.8611,,6801,1.56,10/24/2019,0
OGLE-TR-132 b,0.03035,13.45,375.02,,6210,1.32,10/29/2014,0
TOI-157 b,0.03138,14.415,375.0394,1062,5404,1.17,7/23/2020,0
KELT-18 b,0.0455,17.598,375.0394,3152,6670,1.91,4/27/2017,0
WASP-121 b,0.02544,20.905,375.99289,,6459,1.46,6/23/2016,0
WASP-4 b,0.0226,14.807,376.94638,,5400,0.89,8/15/2019,0
XO-5 b,0.0515,12.78,378.2,,5430,1.13,2/12/2015,0
Qatar-9 b,0.0234,11.31,378.2177,,4309,0.7,5/2/2019,0
HATS-33 b,0.03727,13.787,378.85336,,5659,1.02,12/1/2016,0
PSR J1719-1438 b,0.0044,,382.8,,4500,0.04,5/14/2014,0
HD 200964 c,1.96,,385.84562,,4982,4.92,12/6/2018,0
WASP-138 b,0.0494,12.218,387.7526,,6272,1.36,12/1/2016,0
TOI-163 b,0.058,16.69,387.7526,,6495,1.65,11/7/2019,0
HD 30562 b,2.34,,387.7526,,5882,1.61,9/6/2018,0
HATS-35 b,0.03199,16.41,388.38826,,6300,1.43,12/1/2016,0
WASP-119 b,0.0363,15.693,390.9309,,5650,1.2,5/5/2016,0
WASP-130 b,0.1012,9.976,390.9309,,5625,0.96,12/1/2016,0
HD 148164 b,0.993,,390.9309,,6032,1.34,9/27/2018,0
HD 99706 b,1.98,,390.9309,,4862,5.52,12/6/2018,0
K2-237 b,0.0353,18.405,392.83788,,6099,1.38,5/23/2019,0
TOI-677 b,0.1038,13.115,392.83788,,6295,1.28,5/7/2020,0
HD 142 b,1.02,,397.27,,6245,1.47,8/21/2014,0
HD 20868 b,0.95,,397.2875,,4802,0.76,9/6/2018,0
WASP-47 c,1.393,,398.2,,5552,1.14,6/21/2018,0
OGLE-TR-113 b,0.02289,12.251,400.449,,4790,0.77,5/14/2014,0
HD 95089 b,1.36,,400.4658,,4918,5.08,12/6/2018,0
HD 94834 b,2.74,,400.4658,,4798,4.2,12/6/2018,0
WASP-85 A b,0.039,13.899,402.05495,,6112,0.94,7/7/2016,0
Kepler-428 b,0.0433,12.11,403.63,,5150,0.8,10/3/2014,0
HD 96063 b,1.11,,403.6441,,5020,4.75,12/6/2018,0
WASP-64 b,0.02648,14.247,403.945,,5400,1.06,5/14/2014,0
WASP-104 b,0.02918,12.745,404.263,,5475,0.96,9/25/2014,0
KELT-14 b,0.03005,19.537,408.09372,,5720,1.52,6/3/2016,0
HD 210277 b,1.13,,410.0007,,5538,1.07,9/6/2018,0
HATS-68 b,0.05071,13.809,410.0007,1521,6147,1.75,1/17/2019,0
Qatar-1 b,0.02332,12.812,411.27202,,5013,0.8,9/15/2016,0
WASP-174 b,0.0559,14.572,413.179,,6400,1.31,8/23/2018,0
HD 217107 b,0.08,,413.179,,5622,1.11,9/6/2018,0
HD 148427 b,1.04,,413.179,,5025,3.86,9/6/2018,0
CoRoT-13 b,0.051,9.92,415.704,,5945,1.01,5/14/2014,0
KELT-17 b,0.04881,17.094,416.3573,,7454,1.65,9/8/2016,0
8 UMi b,0.49,,416.3573,,4847,10.3,9/6/2018,0
HIP 14810 c,0.549,,416.3573,,5544,1.07,9/27/2018,0
HATS-4 b,0.0362,11.433,420.471,,5403,0.93,7/2/2014,0
HD 149143 b,0.053,,422.7139,,5856,1.44,9/27/2018,0
HATS-17 b,0.1308,8.709,425.25654,72.7,5846,1.09,9/15/2016,0
NGTS-6 b,0.01677,14.863,425.57437,,4730,0.75,9/26/2019,0
WASP-91 b,0.037,11.545,425.8922,,4920,0.86,8/17/2017,0
HD 79498 b,2.98,,425.8922,,5748,1.05,9/27/2018,0
HATS-2 b,0.023,13.092,427.463,,5227,0.9,5/14/2014,0
HAT-P-50 b,0.0453,14.437,429.0705,,6280,1.7,11/19/2015,0
Kepler-28 c,0.081,3.4,432.23,,4590,0.7,5/14/2014,0
XO-2 S c,0.4756,,435.409,,5399,1.02,7/9/2014,0
Kepler-447 b,0.0769,18.49,435.41,,5493,1.05,2/19/2015,0
HD 205739 b,0.896,,435.41,,6176,1.33,9/25/2014,0
HD 2952 b,1.23,,435.4271,,4844,10.76,9/6/2018,0
HIP 67851 b,0.46,,438.6054,,4890,5.92,6/4/2015,0
HD 33142 b,1.07,,440.19455,,4978,4.45,12/6/2018,0
K2-22 b,0.0088,2.5,444.962,,3830,0.57,10/15/2015,0
HD 208897 b,1.05,,444.962,,4860,4.98,9/28/2017,0
HD 116029 b,1.65,,444.962,,4819,4.89,9/6/2018,0
K2-260 b,0.0404,17.396,451.3186,,6367,1.69,8/16/2018,0
HD 108874 b,1.04,,451.3186,,5600,1.05,9/6/2018,0
KOI-1257 b,0.382,10.54,460.83,,5520,1.13,6/25/2014,0
HATS-67 b,0.03032,18.887,460.8535,3821,6594,1.44,1/17/2019,0
WASP-12 b,0.0232,21.712,465.62095,,6360,1.66,7/11/2019,0
WASP-50 b,0.0293,13.07,466.8287,,5400,0.84,7/11/2019,0
HATS-23 b,0.03397,20.849,467.2101,,5780,1.2,3/16/2017,0
WASP-93 b,0.04211,17.901,467.2101,,6700,1.52,9/8/2016,0
HD 86081 b,0.0346,,470.3884,,5939,1.46,9/27/2018,0
HAT-P-53 b,0.03159,14.773,471.65972,,5956,1.21,11/19/2015,0
HD 10442 b,2.01,,472.61321,,4912,1.97,12/6/2018,0
HD 20782 b,1.3649,,472.83,,5782.13,1.13,2/7/2019,0
WASP-103 b,0.01985,17.127,473.547,,6110,1.44,5/14/2014,0
HD 132563 b,2.62,,473.547,,6289,1.3,1/31/2019,0
HD 27631 b,3.242,,474.83802,,5737,0.92,6/27/2019,0
omi CrB b,0.83,,476.745,,4749,10.5,9/3/2015,0
Kepler-28 b,0.062,3.6,479.9,,4590,0.7,5/14/2014,0
WASP-136 b,0.0661,15.468,479.9233,,6260,2.21,12/1/2016,0
HD 121504 b,0.33,,479.9233,,6027,1.07,9/6/2018,0
Kepler-1647 b,2.7205,11.874,483,,6210,1.79,5/19/2016,0
HD 48265 b,1.814,,484.69075,,5733,1.9,6/27/2019,0
HD 23127 b,2.37,,485.32641,,5843,1.49,6/27/2019,0
TOI-481 b,0.097,11.097,486.2799,,5735,1.66,12/17/2020,0
HD 158038 b,1.5,,486.2799,,4860,4.5,9/6/2018,0
HD 87883 b,3.58,,489.4582,,4915,0.79,9/6/2018,0
HD 190360 b,3.97,,489.4582,,5552,1.14,9/6/2018,0
HD 28678 b,1.18,,490.09386,,4972,6.48,12/6/2018,0
HD 30856 b,1.85,,491.68301,,4895,4.4,12/6/2018,0
WASP-65 b,0.0334,12.464,492.62,,5600,1.01,5/14/2014,0
HD 5319 b,1.57,,494.54348,,4871,4.06,12/6/2018,0
HD 222076 b,1.83,,495.8148,,4806,4.1,12/1/2016,0
WASP-5 b,0.0267,12.184,502.15,,5700,1.03,10/29/2014,0
HATS-40 b,0.04997,17.71,505.3497,,6460,2.26,4/12/2018,0
HAT-P-11 c,4.13,,507,,4780,0.68,1/31/2019,0
HD 200964 b,1.565,,508.21017,,4982,4.92,12/6/2018,0
Kepler-24 b,0.08,2.4,508.5,,5800,1.07,5/14/2014,0
Kepler-24 c,0.106,2.8,508.5,,5800,1.07,5/14/2014,0
BD+49 828 b,4.2,,508.5,,4943,7.6,2/5/2015,0
WASP-170 b,0.0337,12.285,508.528,680,5600,0.94,12/13/2018,0
HD 42012 b,1.67,,508.528,,5405,0.82,3/2/2017,0
HD 100655 b,0.68,,511.7063,,4891,10.06,9/6/2018,0
HD 134987 b,0.81,,511.7063,,5736,1.22,9/6/2018,0
HD 4917 b,1.167,,513.29545,,4802,5.01,12/6/2018,0
HD 50499 b,3.833,,519.96988,,6102,1.35,6/27/2019,0
47 UMa d,11.6,,521.22,,5872,1.21,5/14/2014,0
WASP-178 b,0.0558,20.288,527.5978,,9360,1.67,10/10/2019,0
TAP 26 b,0.0968,,527.5978,,4620,1.17,2/2/2017,0
HD 142415 b,1.06,,530.7761,,5940,1.04,9/6/2018,0
HD 6718 b,3.55,,533.9544,,5801,0.95,9/6/2018,0
HD 82943 b,1.18306,,534.25,,5935,1.18,5/14/2014,0
HD 5608 b,1.911,,534.27223,,4877,5.14,12/6/2018,0
HD 180902 b,1.4,,535.54355,,4961,4.16,12/6/2018,0
HD 177830 b,1.14,,537.1327,,4901,3.26,9/6/2018,0
ome Ser b,1.1,,540.3,,4770,12.3,5/14/2014,0
BD+48 740 b,1.7,,540.311,,4534,10.33,2/1/2018,0
HD 33844 c,2.24,,556.2025,,4861,5.29,1/14/2016,0
HD 72490 b,1.88,,561.92344,,4934,4.96,12/6/2018,0
WASP-114 b,0.02851,15.009,562.24127,,5940,1.43,7/18/2016,0
K2-31 b,0.022,11.882,563.83042,,5280,0.78,12/1/2016,0
WASP-43 b,0.0142,10.424,565.714,,4400,0.6,5/14/2014,0
16 Cyg B b,1.66,,565.7374,,5750,1.13,9/6/2018,0
HD 233832 b,2.827,,565.7374,,4981,0.68,11/21/2019,0
HD 45350 b,1.92,,568.89,,5566,1.26,9/18/2014,0
TrES-5 b,0.02459,13.384,568.9157,,5171,0.87,4/16/2015,0
WASP-37 b,0.0446,13.002,572.07,,5800,1,5/14/2014,0
alf Ari b,1.2,,572.07,,4553,13.9,1/31/2019,0
WASP-105 b,0.075,10.761,572.094,,5070,0.9,8/17/2017,0
HD 131496 b,2.01,,572.094,,4846,4.44,12/6/2018,0
HD 210702 b,1.148,,574.63664,,4951,4.92,12/6/2018,0
kap CrB b,2.65,,575.59013,,4871,4.85,12/6/2018,0
HD 12661 c,2.8145,,575.884,,5748,1.11,11/19/2014,0
HD 9446 c,0.654,,578.426,,5793,1,1/31/2019,0
Kepler-117 c,0.2804,12.341,584.78,,6150,1.61,11/19/2014,0
HAT-P-36 b,0.0241,14.314,587.41341,,5620,1.04,7/11/2019,0
7 CMa b,1.758,,587.9855,,4826,4.87,10/24/2019,0
HATS-1 b,0.0444,14.594,589.55,,5870,1.04,5/14/2014,0
HD 202696 c,2.342,,592.43512,,5040,6.43,1/17/2019,0
HD 152581 b,1.66,,594.02427,,5027,5.14,12/6/2018,0
WASP-163 b,0.0266,13.473,594.3421,1200,5500,1.01,12/13/2018,0
Pr0211 b,0.03176,,597.5204,,5300,0.83,2/11/2016,0
Qatar-7 b,0.0352,19.055,597.5204,,6387,1.56,5/7/2020,0
HATS-42 b,0.03689,15.693,597.5204,,6060,1.48,4/12/2018,0
HD 47366 c,1.97,,597.5204,,4914,6.2,9/26/2019,0
WASP-135 b,0.0243,14.572,603.877,,5675,0.96,12/3/2015,0
HD 159243 c,0.8,,603.9,,6123,1.12,5/14/2014,0
TrES-3 b,0.02282,14.975,607.03,,5650,0.83,5/14/2014,0
WASP-46 b,0.02335,13.159,607.0553,,5600,0.86,12/3/2015,0
HD 117207 b,3.787,,612.14058,,5732,1.07,6/27/2019,0
HD 4313 b,1.157,,612.45841,,4943,5.14,12/6/2018,0
KOI-3680 b,0.534,11.097,613.4119,,5830,0.96,12/6/2018,0
TIC 237913194 b,0.1207,12.52,617.22586,,5788,1.09,12/17/2020,0
HD 82943 c,0.74345,,622.603,,5935,1.18,5/14/2014,0
HD 12648 b,0.54,,622.9468,,4835,11.02,9/6/2018,0
HD 98219 b,1.26,,624.21812,,4925,4.6,12/6/2018,0
HD 68988 b,0.07,,626.1251,,5932,1.19,9/6/2018,0
HATS-18 b,0.0174,14.897,629.14449,,5600,1.02,7/11/2019,0
HIP 107773 b,0.72,,629.3034,,4945,11.6,6/4/2015,0
HD 190647 b,2.231,,630.89255,,5656,1.38,6/27/2019,0
24 Sex b,1.333,,632.46,,5098,4.9,5/14/2014,0
HD 187123 c,4.89,,632.46,,5790,1.15,7/23/2014,0
HD 70642 b,3.318,,633.43519,,5732,0.98,6/27/2019,0
HD 202696 b,1.566,,634.38868,,5040,6.43,1/17/2019,0
Kepler-76 b,0.0274,15.244,638.8383,,6409,1.32,10/15/2015,0
HD 33844 b,1.6,,638.8383,,4861,5.39,9/6/2018,0
6 Lyn b,2.11,,638.8383,,4938,5.2,12/6/2018,0
Kepler-30 c,0.3,12.3,640,,5498,0.95,5/14/2014,0
HD 8574 b,0.76,,645.1949,,6064,1.38,9/6/2018,0
HD 206610 b,1.74,,647.10188,,4842,6.12,12/6/2018,0
WASP-33 b,0.0239,17.856,665.21819,,7430,1.44,7/11/2019,0
HD 192699 b,1.063,,666.17168,,5041,4.41,12/6/2018,0
HIP 79431 b,0.36,,667.415,,3420,0.48,1/31/2019,0
HD 89307 b,3.27,,670.6213,,5955,1.1,9/6/2018,0
Kepler-5 b,0.0538,15.984,670.93913,,6297,1.79,10/15/2015,0
HD 222155 b,5.14,,673.7996,,5701,1.85,9/6/2018,0
WASP-164 b,0.02818,12.644,676.9779,,5806,0.93,11/1/2018,0
WASP-53 b,0.04101,12.038,677.61356,,4953,0.8,2/2/2017,0
HD 136418 b,1.29,,680.1562,,4989,3.78,9/6/2018,0
NGTS-10 b,0.0143,13.507,687.14846,,4600,0.7,3/19/2020,0
HD 4203 c,6.95,,689.66,,5582,1.5,5/14/2014,0
HATS-15 b,0.02712,12.386,689.6911,,5311,0.92,6/23/2016,0
WASP-87 b,0.02946,15.524,692.8694,,6450,1.63,6/27/2019,0
HD 180053 b,0.843,,697.31902,,5131,4.06,12/6/2018,0
Kepler-40 b,0.08,13.11,699.2,,6510,2.13,5/14/2014,0
HD 13931 b,5.15,,699.226,,5867,1.25,9/6/2018,0
HD 163607 c,2.39,,699.54383,,5522,1.76,12/6/2018,0
HD 159868 b,2.32,,704.94694,,5534,2.13,12/6/2018,0
HD 216437 b,2.497,,706.53609,,5909,1.39,6/27/2019,0
HD 145457 b,0.76,,708.7609,,4769,10.52,9/6/2018,0
HD 4203 b,1.17,,708.7609,,5596,1.42,9/6/2018,0
HATS-52 b,0.02498,15.491,711.9392,,6010,1.05,1/5/2018,0
HATS-24 b,0.0238,15.637,718.2958,,6125,1.12,7/11/2019,0
CoRoT-21 b,0.0417,14.572,718.2958,,6200,1.95,12/6/2018,0
HR 810 b,0.92,,721.4741,,6167,1.13,9/6/2018,0
WASP-192 b,0.0408,13.787,731.009,,5910,1.32,10/10/2019,0
HD 47366 b,1.28,,731.009,,4914,6.2,9/26/2019,0
HD 147873 c,1.36,,731.009,,5972,2.29,11/10/2016,0
POTS-1 b,0.03734,10.548,734.16,,4400,0.59,5/14/2014,0
CoRoT-11 b,0.0436,16.03,740.51,,6440,1.37,5/14/2014,0
HD 82886 b,1.58,,740.5439,,4953,5.26,9/6/2018,0
HD 98736 b,1.864,,740.5439,,5271,0.93,9/27/2018,0
WASP-36 b,0.02677,14.874,750.39663,,5959,0.98,4/7/2016,0
HD 4732 b,1.19,,753.23,,4959,5.4,5/14/2014,0
HD 4732 c,4.6,,753.23,,4959,5.4,5/14/2014,0
NGTS-3 A b,0.023,16.589,756.4354,,5600,0.93,5/31/2018,0
HD 212771 b,1.19,,759.6137,,5003,5.27,12/6/2018,0
HIP 74890 b,2.1,,762.792,,4850,5.77,3/17/2016,0
HD 29021 b,2.28,,762.792,,5560,0.85,3/2/2017,0
Kepler-539 c,2.42,,762.792,,5820,0.95,5/10/2016,0
mu Leo b,1.1,,762.8,,4538.2,11.4,5/14/2014,0
HD 108863 b,1.32,,767.24162,,4878,5.74,12/6/2018,0
CoRoT-17 b,0.0461,11.43,772.29,,5740,1.59,5/14/2014,0
HD 12661 b,0.84,,772.3269,,5645,1.2,9/6/2018,0
HD 290327 b,3.43,,772.3269,,5505,0.95,9/6/2018,0
WASP-140 b,0.0323,16.141,775.5052,,5260,0.87,12/1/2016,0
Kepler-17 b,0.02591,14.68,778.65,,5781,1.01,5/14/2014,0
HD 154857 b,1.29,,778.6835,,5589,2.3,9/6/2018,0
WASP-161 b,0.0673,12.812,791.3967,990,6400,1.71,12/13/2018,0
Qatar-2 b,0.02153,14.056,792.635,,4645,0.78,11/5/2014,0
Kepler-419 b,0.37,10.8,794.5,,6430,1.74,6/25/2014,0
TYC 1422-614-1 b,0.69,,794.5,,4806,6.85,10/29/2014,0
TOI-942 c,0.0847,5.79,794.575,,4928,1.02,12/17/2020,0
HD 97048 b,130,,794.575,,10000,2.25,10/24/2019,0
TOI-150.01,0.07037,14.067,797.7533,,6255,1.53,11/7/2019,0
HD 60532 c,1.6,,797.7533,,6245,2.57,9/8/2016,0
47 UMa b,2.1,,804.08,,5872,1.21,5/14/2014,0
HD 181342 b,1.592,,807.2882,,4945,4.71,12/6/2018,0
HD 43691 b,0.238,,810.4665,,6093,1.6,9/27/2018,0
HD 196885 A b,2.37,,819.97,,6254,1.31,8/21/2014,0
HD 154857 c,5.36,,819.97,,5605,1.76,5/14/2014,0
HD 217107 c,5.32,,826.32,,5575,1.2,5/14/2014,0
TOI-942 b,0.04796,4.81,826.358,,4928,1.02,12/17/2020,0
HD 155233 b,2,,826.358,,4960,5.03,3/17/2016,0
HD 23079 b,1.6,,829.5363,,5974,1.07,9/6/2018,0
HD 171028 b,1.32,,832.7146,,5671,2.47,9/6/2018,0
HD 152079 b,4.187,,845.74563,,5907,1.13,6/27/2019,0
WASP-141 b,0.0469,13.563,854.9627,,5900,1.37,12/1/2016,0
HD 37605 b,0.277,,854.9627,,5329,0.91,9/27/2018,0
Kepler-23 c,0.099,3.2,858.1,,5760,1.52,5/14/2014,0
HD 81688 b,0.81,,858.1,,4753,13,5/14/2014,0
HD 173416 b,1.16,,858.1,,4683,13.5,7/9/2014,0
HD 40956 b,1.4,,858.141,,4869,8.56,11/30/2017,0
HD 150706 b,6.7,,861.28,,5961,0.96,7/23/2014,0
HD 75898 b,1.191,,861.3193,,5963,1.58,9/27/2018,0
HD 171238 b,2.57,,864.4976,,5440,1.01,9/27/2018,0
HATS-22 b,0.05025,10.682,870.8542,,4803,0.69,3/16/2017,0
CoRoT-10 b,0.1055,10.87,874,,5075,0.79,5/14/2014,0
KELT-16 b,0.02044,15.861,874.0325,,6236,1.36,2/9/2017,0
HD 1502 b,1.262,,874.0325,,4947,4.67,12/6/2018,0
WASP-158 b,0.0517,11.994,886.7457,,6350,1.39,10/26/2018,0
HD 118203 b,0.07,,886.7457,,5864,2.06,9/6/2018,0
CoRoT-23 b,0.048,11.77,889.9,,5900,1.61,5/14/2014,0
xi Aql b,0.68,,890,,4780,12,5/14/2014,0
Kepler-433 b,0.0679,16.25,896.24,,6360,2.26,1/14/2015,0
HD 113337 b,0.92,,899.42,,6576.6,1.5,5/14/2014,0
Kepler-434 b,0.1143,12.67,908.96,,5977,1.38,1/14/2015,0
KELT-9 b,0.03462,21.196,915.3504,44900,10170,2.36,6/5/2017,0
HD 165155 b,1.13,,918.5287,,5426,0.95,11/10/2016,0
CoRoT-30 b,0.0844,11.31,921.707,,5650,0.91,4/16/2020,0
NGTS-9 b,0.058,11.994,921.707,729,6330,1.38,11/21/2019,0
HD 50499 c,9.02,,931.2419,,6099,1.42,4/11/2019,0
HD 153950 b,1.28,,937.5985,,6124,1.28,9/6/2018,0
CoRoT-6 b,0.0855,13.068,940.74,,6090,1.02,5/14/2014,0
EPIC 246851721 b,0.07229,11.781,953.49,642,6202,1.59,10/26/2018,0
75 Cet b,2.1,,953.49,,4846,10.5,9/3/2015,0
HD 32518 b,0.59,,966.16,,4580,10.22,5/14/2014,0
HD 67087 b,1.08,,973,,6330,1.55,4/1/2015,0
HD 68402 b,2.18,,975.7381,,5950,1.02,11/10/2016,0
HD 142245 b,2.78,,975.7381,,4922,4.63,9/6/2018,0
HD 73526 b,0.65,,978.9164,,5601,1.53,9/6/2018,0
HD 73267 b,2.187,,984.31951,,5387,0.91,6/27/2019,0
HD 190984 b,5.5,,985.2,,5988,1.53,8/21/2014,0
MASCARA-4 b,0.047,17.15,985.273,,7800,1.92,3/19/2020,0
HD 125612 b,1.372,,985.273,,5841,1.05,9/27/2018,0
HATS-57 b,0.03493,12.767,1000.21101,,5587,0.96,8/15/2019,0
WASP-10 b,0.03781,12.106,1001.12,,4675,0.7,5/14/2014,0
WASP-41 c,1.07,,1010.6994,,5545,0.87,10/15/2015,0
HD 196050 b,2.51,,1010.6994,,5879,1.42,9/6/2018,0
HD 18015 b,3.87,,1010.6994,,5603,3.13,12/6/2018,0
HD 37605 c,3.74,,1013.8777,,5329,0.91,9/27/2018,0
91 Aqr b,0.7,,1017,,4665,11,5/14/2014,0
V0391 Peg b,1.7,,1017.056,,29300,0.23,5/14/2015,0
HD 66428 b,3.467,,1018.32732,,5773,1.1,6/27/2019,0
HIP 65 A b,0.01782,22.754,1021.18779,661,4590,0.72,7/23/2020,0
Kepler-43 b,0.046,13.664,1026.5909,,6041,1.42,10/15/2015,0
HR 5183 b,18,,1026.5909,,5794,1.53,9/26/2019,0
HATS-16 b,0.03744,14.572,1039.3041,,5738,1.24,6/23/2016,0
HD 13167 b,4.1,,1052.0173,,5671,2.39,12/6/2018,0
HAT-P-34 b,0.06774,13.417,1058.3739,,6442,1.53,3/21/2019,0
GJ 3021 b,0.49,,1071.04,,5540,0.9,5/14/2014,0
KELT-20 b,0.0542,19.515,1074.90106,4362.5,8720,1.56,11/2/2017,0
HAT-P-17 c,5.6,,1080.6,,5336.96,0.84,5/14/2014,0
HATS-61 b,0.07908,13.395,1080.622,374.2,5542,1.66,1/17/2019,0
HD 18742 b,1.82,,1080.622,,4940,5.13,12/6/2018,0
TYC 3318-01333-1 b,1.414,,1086.9786,,4776,5.9,1/25/2018,0
HD 95089 c,3.33,,1096.5135,,4918,5.08,12/6/2018,0
HD 204313 b,3.07,,1099.6918,,5783,1.1,9/6/2018,0
CoRoT-2 b,0.02798,16.432,1102.82,,5625,0.91,5/14/2014,0
CoRoT-18 b,0.0295,14.68,1102.82,,5440,1,5/14/2014,0
HD 108341 b,2,,1112.4,,5122,0.79,1/8/2015,0
HD 143361 b,1.988,,1122.57556,,5507,0.92,6/27/2019,0
HD 183263 c,4.35,,1134.61,,5867,1.29,7/23/2014,0
HAT-P-69 b,0.06555,18.786,1137.8314,,7394,1.93,8/15/2019,0
HD 86950 b,2.72,,1144.188,,4805,8.8,12/1/2016,0
HD 1605 c,3.584,,1150.5446,,4915,3.49,9/27/2018,0
HD 92788 c,10.5,,1166.4361,,5744,1.14,4/11/2019,0
WASP-173 A b,0.0248,13.451,1172.7927,,5800,1.11,10/26/2018,0
MASCARA-1 b,0.043,16.814,1175.971,,7554,2.1,11/2/2017,0
KELT-6 c,2.39,,1179.1493,,6272,1.53,9/3/2015,0
HD 95872 b,5.15,,1188.6842,,5312,0.84,9/6/2018,0
HD 92788 b,0.97,,1195.0408,,5744,1.14,4/11/2019,0
HD 72659 b,4.75,,1223.6455,,5932,1.46,9/6/2018,0
HD 24040 b,4.92,,1226.8238,,5802,1.3,9/6/2018,0
HD 55696 b,3.18,,1230.0021,,6012,1.52,9/27/2018,0
42 Dra b,1.19,,1233.13,,4200,22.03,5/14/2014,0
HIP 14810 b,0.0696,,1239.537,,5544,1.07,9/27/2018,0
KELT-21 b,0.05224,17.777,1242.7153,2950,7598,1.64,2/1/2018,0
HD 76920 b,1.149,,1249.0719,,4698,7.47,11/30/2017,0
HD 183263 b,1.49,,1255.4285,,5948,1.23,9/6/2018,0
HD 195019 b,0.14,,1264.9634,,5751,1.48,9/6/2018,0
2MASS J12073346-3932539 b,46,,1271,,2825,0.22,5/14/2014,0
HAT-P-44 c,1.752,,1271.3,,5295,0.95,5/14/2014,0
WTS-1 b,0.047,16.7,1274.44,,6250,1.15,5/14/2014,0
KELT-19 A b,0.0637,21.409,1293.5681,2340,7500,1.83,1/11/2018,0
Kepler-32 b,0.05,2.2,1303,,3900,0.53,3/24/2016,0
omi UMa b,3.9,,1303.103,,5242,14.1,9/3/2015,0
HAT-P-16 b,0.0413,14.448,1332.605,,6158,1.24,5/14/2014,0
BD+20 274 b,1.3,,1334.886,,4296,17.3,9/18/2015,0
WASP-186 b,0.06,12.442,1341.2426,,6361,1.47,12/17/2020,0
Qatar-3 b,0.03783,12.285,1369.8473,1330,6007,1.27,4/27/2017,0
tau Boo b,0.049,,1373.0256,,6466.27,1.43,4/16/2015,0
Qatar-5 b,0.04127,12.408,1373.0256,669,5747,1.08,4/27/2017,0
XO-6 b,0.0815,23.203,1398.452,,6720,1.93,12/21/2016,0
HD 111591 b,2.5,,1398.452,,4884,8.03,11/30/2017,0
GJ 86 b,0.11,,1404.8086,,5182,0.77,9/6/2018,0
HD 142022 A b,2.93,,1411.1652,,5421,1.04,9/6/2018,0
HD 25015 b,6.19,,1423.8784,,5160,0.83,4/11/2019,0
OGLE2-TR-L9 b,0.0308,18.046,1430.175,,6933,1.53,5/14/2014,0
HD 120084 b,4.3,,1430.2,,4892,9.12,5/14/2014,0
HD 111998 b,1.82,,1433.4133,,6557,1.45,9/8/2016,0
gam Lib c,2.17,,1455.6614,,4822,11.1,4/26/2018,0
14 Her b,2.93,,1481.0878,,5338,0.93,9/6/2018,0
HD 40979 b,0.85,,1484.2661,,6165,1.21,9/6/2018,0
Kepler-31 c,0.26,5.3,1493.7,,6340,1.22,5/14/2014,0
14 And b,0.83,,1525.5,,4813,11,5/14/2014,0
HD 11506 b,2.9,,1535.1189,,6030,1.34,9/27/2018,0
HD 67087 c,3.86,,1540,,6330,1.55,4/1/2015,0
WASP-120 b,0.0514,16.511,1541.4755,,6450,1.87,6/3/2016,0
HD 102272 b,0.51,,1570.0802,,4790,10.3,9/6/2018,0
HD 50554 b,2.353,,1574.464,,5987,1.02,11/19/2014,0
GJ 676 A b,1.82,,1576.4368,,3734,0.69,9/6/2018,0
BD-17 63 b,1.34,,1620.9,,4714,0.69,5/14/2014,0
HD 16175 b,2.12,,1620.933,,5981,1.72,9/6/2018,0
HD 13908 c,2.03,,1630.4,,6255,1.67,5/14/2014,0
HD 147873 b,0.522,,1633.6462,,5972,2.29,11/10/2016,0
HD 148164 c,6.15,,1640.0028,,6032,1.34,9/27/2018,0
KELT-24 b,0.06969,14.258,1646.3594,750.9,6509,1.51,9/12/2019,0
WASP-162 b,0.0871,11.209,1652.716,,5300,1.11,10/26/2018,0
81 Cet b,2.5,,1684.4,,4785,11,5/14/2014,0
HD 142 c,6.8,,1684.4,,6245,1.47,8/21/2014,0
HATS-66 b,0.04714,15.816,1694.0339,2637,6626,1.84,1/17/2019,0
HD 154672 b,0.6,,1706.7471,,5743,1.32,9/6/2018,0
HD 132406 b,1.98,,1709.9254,,5783,1.34,9/6/2018,0
TYC 3667-1280-1 b,0.21,,1716.282,,5130,6.26,3/31/2016,0
Kepler-432 b,0.301,12.834,1719.4603,,4995,4.06,4/30/2015,0
TOI-172 b,0.0914,10.817,1722.6386,299,5645,1.78,3/28/2019,0
HD 72892 b,0.228,,1732.1735,,5688,1.22,11/10/2016,0
HIP 8541 b,2.8,,1748.065,,4670,7.83,3/17/2016,0
HD 213240 b,1.89,,1773.4914,,5979,1.51,9/6/2018,0
Kepler-56 d,2.16,,1784,,4819.44,4.22,10/13/2016,0
HD 11755 b,1.09,,1789.3829,,4312,20.58,9/6/2018,0
HD 75784 c,8.4,,1792.5612,,4867,3.4,12/6/2018,0
HD 5583 b,0.53,,1837.0574,,4830,9.09,2/4/2016,0
Kepler-1658 b,0.0544,11.994,1868.8404,,6216,2.89,3/14/2019,0
WASP-89 b,0.0427,11.657,1875.197,,5130,0.88,7/9/2015,0
HD 28185 b,1.02,,1875.197,,5662,1.03,9/6/2018,0
HD 224538 b,2.28,,1897.4451,,6097,1.54,11/10/2016,0
HIP 67851 c,3.82,,1900.6234,,4890,5.92,6/4/2015,0
HD 66141 b,1.2,,1906.9,,4323,21.4,5/14/2014,0
HIP 65891 b,2.81,,1906.98,,5000,8.93,6/4/2015,0
HD 238914 b,5.7,,1906.98,,4769,12.73,1/25/2018,0
Ross 458 c,1100,14.011,1906.98,,3646,0.56,9/24/2020,0
Kepler-46 b,0.1968,9.057,1907,,5155,0.94,5/14/2014,0
HD 145377 b,0.45,,1913.3366,,6014,1.05,9/6/2018,0
bet UMi b,1.4,,1938.7,,4126,38.3,5/14/2014,0
Qatar-4 b,0.02803,12.722,1938.763,614,5215,0.85,4/27/2017,0
HD 2039 b,2.2,,1999.1507,,5945,1.19,9/6/2018,0
HR 8799 b,68,13,2000,,7204.58,1.49,5/14/2014,0
HD 113996 b,1.6,,2002.329,,4181,25.11,11/30/2017,0
HD 10697 b,2.14,,2028.70889,,5600,1.79,12/6/2018,0
BD+03 2562 b,1.3,,2034.112,,4095,32.35,6/15/2017,0
HD 1666 b,0.94,,2040,,6317,1.93,4/1/2015,0
alf Tau b,1.46,,2056.3601,,4055,45.1,6/4/2015,0
HD 11977 b,1.93,,2080,,4970,10.09,1/31/2019,0
HD 233604 b,0.747,,2089.644,,4791,10.9,5/14/2014,0
NGC 2682 Sand 364 b,0.53,,2126.2827,,4284,39.59,9/6/2018,0
eps CrB b,1.3,,2129.461,,4406,21,9/10/2015,0
HAT-P-70 b,0.04739,20.961,2154.8874,,8450,1.86,8/15/2019,0
HD 98649 b,6.57,,2158.0657,,5790,1.01,4/11/2019,0
Kepler-31 d,0.4,3.9,2161.244,,6340,1.22,3/24/2016,0
HD 196067 b,5.02,,2192.9,,6017,1.73,5/14/2014,0
HD 59686 A b,1.086,,2199.3836,,4658,13.2,8/12/2016,0
HD 106252 b,2.61,,2202.5619,,5874,1.1,9/6/2018,0
Kepler-424 c,0.73,,2215.18,,5460,0.94,10/3/2014,0
HD 86264 b,2.86,,2224.81,,6210,1.88,4/24/2015,0
4 UMa b,0.87,,2256.5,,4415,18.11,5/14/2014,0
HD 111232 b,1.97,,2269.3062,,5512,0.9,9/6/2018,0
HAT-P-20 b,0.0361,9.718,2302.899,,4595,0.69,5/14/2014,0
HD 81040 b,1.94,,2310.6241,,5755,0.91,9/6/2018,0
HD 125612 d,4.06,,2313.8024,,5841,1.05,9/27/2018,0
Kepler-419 c,1.68,,2320.1,,6430,1.74,6/25/2014,0
HD 47536 b,1.93,,2330,,4380,23.47,3/26/2015,0
70 Vir b,0.481,,2357.02728,,5495,1.89,12/6/2018,0
CoRoT-14 b,0.027,12.22,2415.4,,6035,1.21,5/14/2014,0
eps Tau b,1.93,,2415.406,,4901,13.7,1/31/2019,0
HD 5891 b,0.64,,2425.0429,,4673,10.64,9/6/2018,0
HD 168443 b,0.2931,,2434.157,,5491,1.51,6/25/2014,0
Pr0211 c,5.5,,2475.8957,,5300,0.83,2/11/2016,0
bet Cnc b,1.7,,2479,,4092.1,47.2,5/14/2014,0
HD 14067 b,3.4,,2479,,4815,12.4,9/25/2014,0
HD 203473 b,2.73,,2479.074,,5780,1.33,9/27/2018,0
WASP-167 b,0.0365,17.71,2542.64,,7000,1.79,7/27/2017,0
HD 178911 B b,0.34,,2552.1749,,5588,1.08,9/6/2018,0
HD 102329 b,1.81,,2593.4928,,4745,9.82,9/6/2018,0
HD 104985 b,0.95,,2637.9,,4877,11,5/14/2014,0
HD 222582 b,1.34,,2660.2371,,5790,1.13,9/6/2018,0
HD 181234 b,7.52,,2660.2371,,5386,1.05,4/11/2019,0
WASP-150 b,0.0694,11.994,2688.8418,,6218,1.65,5/21/2020,0
HAT-P-2 b,0.06814,,2739.6946,,6380,1.39,9/27/2018,0
HD 30177 b,3.704,,2740.33026,,5607,1.02,6/27/2019,0
gam 1 Leo b,1.19,,2790.43,,4330,31.88,1/31/2019,0
HD 1690 b,1.36,,2793.7257,,4374,21.66,9/6/2018,0
HD 175167 b,2.4,,2850.9351,,5635,1.75,9/6/2018,0
ROXs 42 B b,157,,2860,,3433,1.34,5/14/2014,0
HIP 65426 b,92,16.814,2860.47,,8840,1.77,7/13/2017,0
HD 23596 b,2.77,,2870.0049,,6040,1.53,9/6/2018,0
Kepler-27 b,0.118,4,2895.31,,5400,0.59,5/14/2014,0
KOI-13 b,0.03641,16.948,2949.4624,,7650,1.74,10/15/2015,0
HR 8799 d,24,13,3000,,7204.58,1.49,5/14/2014,0
HR 8799 c,38,13,3000,,7204.58,1.49,5/14/2014,0
HD 106515 A b,4.59,,3054.22,,5362,1.62,5/14/2014,0
HD 141937 b,1.5,,3079.7727,,5870,1.03,9/6/2018,0
HD 38801 b,1.623,,3082.31534,,5338,2.03,6/27/2019,0
HATS-41 b,0.0583,14.908,3082.951,,6424,1.71,4/12/2018,0
HD 139357 b,2.36,,3101.89,,4700,11.47,1/31/2019,0
BD-13 2130 b,1.66,,3108.3774,,4545,19.17,9/6/2018,0
HD 162020 b,0.08,,3127.4472,,4723,0.75,9/6/2018,0
HD 156279 b,0.49,,3140.1604,,5453,0.95,9/6/2018,0
HD 208527 b,2.1,,3146.4,,4035,51.1,5/14/2014,0
TYC 1422-614-1 c,1.37,,3178,,4806,6.85,10/29/2014,0
HD 39091 b,3.1,,3184.6566,,6037,1.1,11/15/2018,0
Kepler-75 b,0.0818,11.77,3209.9,,5200,0.89,1/29/2015,0
HD 17092 b,1.31,,3219.6179,,4326,13.58,9/6/2018,0
HD 106270 b,3.34,,3219.6179,,5509,2.66,12/6/2018,0
18 Del b,2.6,,3273.5,,4979,8.5,5/14/2014,0
CoRoT-27 b,0.0476,11.287,3302.11,,5900,1.08,5/14/2014,0
HD 219077 b,6.22,,3302.11,,5362,1.91,5/14/2014,0
WASP-18 b,0.02,,3314.82,,6400,1.23,12/5/2019,0
HD 95127 b,1.28,,3378.5329,,4218,41.01,9/6/2018,0
HD 156846 b,1.12,,3391.2461,,6090,1.9,9/6/2018,0
HD 114762 b,0.36,,3397.6027,,5869,1.2,9/6/2018,0
TYC 4282-00605-1 b,0.422,,3426.2074,,4300,16.21,6/29/2017,0
HD 13189 b,1.25,,3480.2385,,4175,38.41,9/6/2018,0
HD 110014 b,2.14,,3524.59,,4445,20.9,5/14/2014,0
HIP 67537 b,4.91,,3527.913,,4985,8.69,4/27/2017,0
HD 87646 b,0.117,,3941.092,,5770,1.55,8/18/2016,0
BD+20 2457 c,2.01,,3963.17,,4137,49,5/14/2014,0
HATS-59 c,2.504,,4036.441,0.16,5670,1.04,12/6/2018,0
HD 24064 b,1.29,,4096.8287,,4052,40,9/6/2018,0
HATS-70 b,0.03632,15.513,4100.007,9110,7930,1.88,2/14/2019,0
HD 38529 c,3.64,,4128.6117,,5541,2.56,12/6/2018,0
HD 217786 b,2.38,,4131.62,,5966,1.27,1/31/2019,0
EPIC 248847494 b,4.5,12.442,4131.79,0.19,4898,2.7,7/25/2019,0
Kepler-27 c,0.191,4.9,4385.87,,5400,0.59,5/14/2014,0
WD 1856+534 b,0.0204,10.4,4386.054,0.18,4710,0.01,12/17/2020,0
30 Ari B b,0.99,,4392.4106,,6331,1.41,9/6/2018,0
2MASS J02192210-3925225 b,156,16.141,4417.837,,3064,0.28,5/14/2015,0
HD 158996 b,2.1,,4449.62,,4069,50.3,4/12/2018,0
NSVS 14256825 b,3.12,,4497.2945,,40000,0.19,6/13/2019,0
HD 8673 b,3.02,,4513,,6389.05,1.5,1/31/2019,0
HD 219828 c,5.79,,4640.318,,5807,1.61,9/27/2018,0
11 UMi b,1.53,,4684.8142,,4213,29.79,9/6/2018,0
HIP 5158 c,7.7,,4780.1632,,4813,0.75,9/10/2015,0
HD 240237 b,1.92,,5050.3187,,3926,71.23,9/6/2018,0
WASP-53 c,3.73,,5196.5205,,4953,0.8,2/2/2017,0
HD 220074 b,1.6,,5288.6912,,3787,54.92,9/6/2018,0
HD 92987 b,9.62,,5364.9704,,5770,1.58,4/11/2019,0
HD 168443 c,2.8373,,5464.221,,5491,1.51,2/5/2015,0
HD 202206 c,2.41,,5689.157,,5766,1.04,5/24/2018,0
HD 131664 b,3.17,,6076.9096,,5892,1.08,9/6/2018,0
11 Com b,1.29,,6165.6,,4742,19,5/14/2014,0
GQ Lup b,100,33.6,6356,,4360,1.94,5/14/2014,0
HIP 97233 b,2.55,,6356.3,,5020,5.34,10/3/2014,0
Kepler-39 b,0.164,13.9,6388.1,,6350,1.4,1/29/2015,0
HD 180314 b,1.46,,6397.9179,,4924,8.13,9/6/2018,0
HD 214823 b,3.23,,6451.949,,5933,2.04,9/27/2018,0
tau Gem b,1.17,,6547,,4388,26.8,5/14/2014,0
HD 96127 b,1.42,,6661.7168,,3943,51.1,9/6/2018,0
HD 217850 b,4.56,,6865.128,,5544,1.21,9/27/2018,0
HN Peg b,773,11.777,6991.57,,5927.14,1.01,5/14/2014,0
WISEP J121756.91+162640.2 A b,8,10.468,6992,,575,0.09,5/14/2014,0
HD 125390 b,3.16,,7043.1128,,4850,6.47,11/7/2019,0
nu Oph b,1.79,,7057.73298,,4886,14.6,9/26/2019,0
nu Oph c,5.931,,7838.32346,,4886,14.6,9/26/2019,0
HD 13724 b,12.4,,8508.3091,,5868,1.07,4/11/2019,0
HD 81817 b,3.3,,8613.193,,4140,83.8,6/4/2020,0
KELT-1 b,0.02466,12.442,8654.15,,6518,1.46,5/14/2014,0
HD 148284 b,0.974,,10710.871,,5572,1.48,9/27/2018,0
BD+20 2457 b,1.05,,17668.1697,,4259,71.02,9/6/2018,0
Kepler-186 f,0.432,1.17,,0.3,3755,0.52,1/14/2015,1
Kepler-296 f,0.255,1.8,,0.62,3740,0.48,9/3/2015,1
Kepler-442 b,0.409,1.34,,0.66,4402,0.6,1/6/2015,1
TOI 700 d,0.1633,1.144,,0.85,3461,0.42,7/23/2020,1
Kepler-443 b,0.495,2.33,,0.86,4723,0.71,1/6/2015,1
Kepler-452 b,1.046,1.63,,1.1,5757,1.11,7/23/2015,1
Kepler-440 b,0.242,1.86,,1.2,4134,0.56,1/6/2015,1
K2-9 b,0.091,2.25,,1.36,3390,0.31,1/21/2016,1
Kepler-296 e,0.169,1.53,,1.41,3740,0.48,9/3/2015,1
Kepler-298 d,0.305,2.5,,,4465,0.58,5/14/2014,1
Kepler-283 c,0.341,1.82,,,4351,0.57,5/14/2014,1
Kepler-174 d,0.677,2.19,,,4880,0.62,5/14/2014,1
